model_short,model_full,features,mean_acc,std_acc,mean_f1,std_f1,n_subjects
Svm Linear,Svm Linear,TD features,0.352376119386853,0.08926283534976312,0.325005604337144,0.09425241917592501,20
Svm Rbf,Svm Rbf,TD features,0.34458194076550247,0.07197035456433137,0.3260366940462282,0.07706657332848697,20
Rf,Rf,TD features,0.3199302572034798,0.06483251430874946,0.3032480645669572,0.06992744652644702,20
